{"cameraMode":{"drawMode":0,"name":"Shaded","section":"Shading Mode"},"sceneLighting":true,"audioPlay":false,"sceneViewState":{"showFog":true,"showMaterialUpdate":true,"showSkybox":true,"showFlares":true,"showImageEffects":true,"showParticleSystems":true},"in2DMode":false,"pivot":{"x":-4.047992706298828,"y":-10.626781463623047,"z":-2.6982498168945314},"rotation":{"x":0.4186359643936157,"y":-0.01498429849743843,"z":0.006909282878041267,"w":0.9080042243003845},"size":38.24650955200195,"orthographic":false}