{"cameraMode":{"drawMode":0,"name":"Shaded","section":"Shading Mode"},"sceneLighting":false,"audioPlay":false,"sceneViewState":{"showFog":true,"showMaterialUpdate":true,"showSkybox":true,"showFlares":true,"showImageEffects":true,"showParticleSystems":true},"in2DMode":false,"pivot":{"x":-2.200000047683716,"y":-18.350000381469728,"z":1.2899999618530274},"rotation":{"x":0.5229059457778931,"y":0.02428475022315979,"z":-0.014905137941241265,"w":0.8519140481948853},"size":0.8573645353317261,"orthographic":false}