{"cameraMode":{"drawMode":0,"name":"Shaded","section":"Shading Mode"},"sceneLighting":true,"audioPlay":false,"sceneViewState":{"showFog":true,"showMaterialUpdate":true,"showSkybox":true,"showFlares":true,"showImageEffects":true,"showParticleSystems":true},"in2DMode":false,"pivot":{"x":-1.7683089971542359,"y":5.746033668518066,"z":-13.359639167785645},"rotation":{"x":0.3168874680995941,"y":-0.018497096374630929,"z":0.006181611213833094,"w":0.948262631893158},"size":31.465665817260743,"orthographic":false}