{"cameraMode":{"drawMode":0,"name":"Shaded","section":"Shading Mode"},"sceneLighting":true,"audioPlay":false,"sceneViewState":{"showFog":true,"showMaterialUpdate":true,"showSkybox":true,"showFlares":true,"showImageEffects":true,"showParticleSystems":true},"in2DMode":false,"pivot":{"x":4.559868335723877,"y":39.04592514038086,"z":-8.84582805633545},"rotation":{"x":-0.4621131122112274,"y":0.5373319387435913,"z":-0.5152668952941895,"w":-0.48189809918403628},"size":1.4289418458938599,"orthographic":false}