{"cameraMode":{"drawMode":0,"name":"Shaded","section":"Shading Mode"},"sceneLighting":true,"audioPlay":false,"sceneViewState":{"showFog":true,"showMaterialUpdate":true,"showSkybox":true,"showFlares":true,"showImageEffects":true,"showParticleSystems":true},"in2DMode":false,"pivot":{"x":-5.633114337921143,"y":25.356754302978517,"z":-26.23796844482422},"rotation":{"x":-0.5084949135780335,"y":0.007747068535536528,"z":-0.004576373845338821,"w":-0.8610180020332336},"size":0.5715780258178711,"orthographic":false}