{"cameraMode":{"drawMode":0,"name":"Shaded","section":"Shading Mode"},"sceneLighting":true,"audioPlay":false,"sceneViewState":{"showFog":true,"showMaterialUpdate":true,"showSkybox":true,"showFlares":true,"showImageEffects":true,"showParticleSystems":true},"in2DMode":false,"pivot":{"x":5.636214733123779,"y":39.164833068847659,"z":-13.780072212219239},"rotation":{"x":0.35991376638412478,"y":-0.636454164981842,"z":0.5230912566184998,"w":0.43790844082832339},"size":1.4289418458938599,"orthographic":false}