{"cameraMode":{"drawMode":0,"name":"Shaded","section":"Shading Mode"},"sceneLighting":true,"audioPlay":false,"sceneViewState":{"showFog":true,"showMaterialUpdate":true,"showSkybox":true,"showFlares":true,"showImageEffects":true,"showParticleSystems":true},"in2DMode":false,"pivot":{"x":7.842398166656494,"y":-82.49258422851563,"z":-42.931819915771487},"rotation":{"x":0.0012837531976401806,"y":-0.8261380791664124,"z":0.563463032245636,"w":0.0018795980140566826},"size":94.00131225585938,"orthographic":false}