{"cameraMode":{"drawMode":0,"name":"Shaded","section":"Shading Mode"},"sceneLighting":true,"audioPlay":false,"sceneViewState":{"showFog":true,"showMaterialUpdate":true,"showSkybox":true,"showFlares":true,"showImageEffects":true,"showParticleSystems":true},"in2DMode":false,"pivot":{"x":-8.969258308410645,"y":-23.011451721191408,"z":0.6846340298652649},"rotation":{"x":-0.4460129737854004,"y":0.09321445226669312,"z":-0.04676957055926323,"w":-0.8889297842979431},"size":60.89926528930664,"orthographic":false}