{"cameraMode":{"drawMode":0,"name":"Shaded","section":"Shading Mode"},"sceneLighting":true,"audioPlay":false,"sceneViewState":{"showFog":true,"showMaterialUpdate":true,"showSkybox":true,"showFlares":true,"showImageEffects":true,"showParticleSystems":true},"in2DMode":false,"pivot":{"x":-2.8551008701324465,"y":1.9755544662475587,"z":-13.282417297363282},"rotation":{"x":0.5374055504798889,"y":0.05053087696433067,"z":-0.03228151053190231,"w":0.8411895632743836},"size":10.042860984802246,"orthographic":false}