{"cameraMode":{"drawMode":0,"name":"Shaded","section":"Shading Mode"},"sceneLighting":true,"audioPlay":false,"sceneViewState":{"showFog":true,"showMaterialUpdate":true,"showSkybox":true,"showFlares":true,"showImageEffects":true,"showParticleSystems":true},"in2DMode":false,"pivot":{"x":144.5128173828125,"y":39.77828598022461,"z":-166.27919006347657},"rotation":{"x":0.1274174451828003,"y":-0.1364145278930664,"z":-0.01769370585680008,"w":-0.9822641015052795},"size":94.78339385986328,"orthographic":false}