{"cameraMode":{"drawMode":0,"name":"Shaded","section":"Shading Mode"},"sceneLighting":false,"audioPlay":false,"sceneViewState":{"showFog":true,"showMaterialUpdate":true,"showSkybox":true,"showFlares":true,"showImageEffects":true,"showParticleSystems":true},"in2DMode":false,"pivot":{"x":18.74741554260254,"y":-31.49989891052246,"z":-14.341713905334473},"rotation":{"x":-0.41947880387306216,"y":-0.5804744958877564,"z":0.4903382658958435,"w":-0.4966440796852112},"size":47.95393753051758,"orthographic":true}