{"cameraMode":{"drawMode":0,"name":"Shaded","section":"Shading Mode"},"sceneLighting":true,"audioPlay":false,"sceneViewState":{"showFog":true,"showMaterialUpdate":true,"showSkybox":true,"showFlares":true,"showImageEffects":true,"showParticleSystems":true},"in2DMode":false,"pivot":{"x":-7.386059761047363,"y":6.738109588623047,"z":-17.826738357543947},"rotation":{"x":0.29679855704307558,"y":-0.03150741010904312,"z":0.009799015708267689,"w":0.9543699622154236},"size":1.4289418458938599,"orthographic":false}