{"cameraMode":{"drawMode":0,"name":"Shaded","section":"Shading Mode"},"sceneLighting":true,"audioPlay":false,"sceneViewState":{"showFog":true,"showMaterialUpdate":true,"showSkybox":true,"showFlares":true,"showImageEffects":true,"showParticleSystems":true},"in2DMode":false,"pivot":{"x":-5.156407356262207,"y":-9.637857437133789,"z":5.02125358581543},"rotation":{"x":0.31834834814071658,"y":-0.00995448138564825,"z":0.003343852236866951,"w":0.9479156732559204},"size":38.24650955200195,"orthographic":false}