{"cameraMode":{"drawMode":0,"name":"Shaded","section":"Shading Mode"},"sceneLighting":true,"audioPlay":false,"sceneViewState":{"showFog":true,"showMaterialUpdate":true,"showSkybox":true,"showFlares":true,"showImageEffects":true,"showParticleSystems":true},"in2DMode":false,"pivot":{"x":-4.253542423248291,"y":-17.007396697998048,"z":19.943452835083009},"rotation":{"x":0.31969138979911806,"y":-0.02273757942020893,"z":0.007674131076782942,"w":0.9472177624702454},"size":38.24650955200195,"orthographic":false}