{"cameraMode":{"drawMode":0,"name":"Shaded","section":"Shading Mode"},"sceneLighting":true,"audioPlay":false,"sceneViewState":{"showFog":true,"showMaterialUpdate":true,"showSkybox":true,"showFlares":true,"showImageEffects":true,"showParticleSystems":true},"in2DMode":false,"pivot":{"x":30.227066040039064,"y":-32.044986724853519,"z":2.924406051635742},"rotation":{"x":0.2905898988246918,"y":0.5019755363464356,"z":-0.18380708992481233,"w":0.7935950756072998},"size":59.395660400390628,"orthographic":false}