{"cameraMode":{"drawMode":0,"name":"Shaded","section":"Shading Mode"},"sceneLighting":true,"audioPlay":false,"sceneViewState":{"showFog":true,"showMaterialUpdate":true,"showSkybox":true,"showFlares":true,"showImageEffects":true,"showParticleSystems":true},"in2DMode":false,"pivot":{"x":-6.203869819641113,"y":-11.519462585449219,"z":2.1334686279296877},"rotation":{"x":0.2637940049171448,"y":-0.018809735774993898,"z":0.00514590460807085,"w":0.9643819332122803},"size":38.24650955200195,"orthographic":false}