{"cameraMode":{"drawMode":0,"name":"Shaded","section":"Shading Mode"},"sceneLighting":true,"audioPlay":false,"sceneViewState":{"showFog":true,"showMaterialUpdate":true,"showSkybox":true,"showFlares":true,"showImageEffects":true,"showParticleSystems":true},"in2DMode":false,"pivot":{"x":-12.8931303024292,"y":-19.881595611572267,"z":-14.318618774414063},"rotation":{"x":0.4296075701713562,"y":-0.5567619800567627,"z":0.4136699438095093,"w":0.5782132744789124},"size":38.24650955200195,"orthographic":false}